{"cameraMode":{"drawMode":0,"name":"Shaded","section":"Shading Mode"},"sceneLighting":true,"audioPlay":false,"sceneViewState":{"m_AlwaysRefresh":false,"showFog":true,"showSkybox":true,"showFlares":true,"showImageEffects":true,"showParticleSystems":true,"showVisualEffectGraphs":true,"m_FxEnabled":true},"in2DMode":false,"pivot":{"x":1.0694315433502198,"y":1.5057709217071534,"z":0.7005056142807007},"rotation":{"x":-0.06406289339065552,"y":0.8859918117523193,"z":-0.1287522166967392,"w":-0.4408401846885681},"size":1.9983229637145997,"orthographic":false}