{"cameraMode":{"drawMode":0,"name":"Shaded","section":"Shading Mode"},"sceneLighting":true,"audioPlay":false,"sceneViewState":{"m_AlwaysRefresh":false,"showFog":true,"showSkybox":true,"showFlares":true,"showImageEffects":true,"showParticleSystems":true,"showVisualEffectGraphs":true,"m_FxEnabled":true},"in2DMode":false,"pivot":{"x":-0.4691193103790283,"y":-0.2551591396331787,"z":-1.4704031944274903},"rotation":{"x":-0.22585324943065644,"y":0.4125390946865082,"z":-0.10635426640510559,"w":-0.8760673999786377},"size":2.5758652687072756,"orthographic":false}