{"cameraMode":{"drawMode":0,"name":"Shaded","section":"Shading Mode"},"sceneLighting":true,"audioPlay":false,"sceneViewState":{"m_AlwaysRefresh":false,"showFog":true,"showSkybox":true,"showFlares":true,"showImageEffects":true,"showParticleSystems":true,"showVisualEffectGraphs":true,"m_FxEnabled":true},"in2DMode":false,"pivot":{"x":-0.41985929012298586,"y":-0.25515973567962649,"z":-1.4125797748565674},"rotation":{"x":-0.22742314636707307,"y":0.39935222268104555,"z":-0.10295464843511582,"w":-0.8821569085121155},"size":2.0463473796844484,"orthographic":false}